written_work	book	/book/written_work	2484978
book	book	/book/book	2445582
person	people	/people/person	2167173
location	location	/location/location	1404951
geocode	location	/location/geocode	853391
album	music	/music/album	744796
performance	film	/film/performance	650609
organization	organization	/organization/organization	605544
author	book	/book/author	566205
creative_work	media_common	/media_common/creative_work	545363
artist	music	/music/artist	505773
tv_guest_role	tv	/tv/tv_guest_role	452069
deceased_person	people	/people/deceased_person	425600
citytown	location	/location/citytown	410206
mailing_address	location	/location/mailing_address	394567
dated_location	location	/location/dated_location	388024
statistical_region	location	/location/statistical_region	371763
business_operation	business	/business/business_operation	343714
fictional_character	fictional_universe	/fictional_universe/fictional_character	312172
pro_athlete	sports	/sports/pro_athlete	267743
employer	business	/business/employer	237263
flag_judgment	freebase	/freebase/flag_judgment	223456
organization_relationship	organization	/organization/organization_relationship	222059
organism_classification	biology	/biology/organism_classification	200751
actor	film	/film/actor	200298
film	film	/film/film	192629
vote	pipeline	/pipeline/vote	190310
film_character	film	/film/film_character	186219
education	education	/education/education	183715
place_lived	people	/people/place_lived	180522
track_contribution	music	/music/track_contribution	164475
film_cut	film	/film/film_cut	163386
educational_institution	education	/education/educational_institution	161977
musical_group	music	/music/musical_group	155961
pro_sports_played	sports	/sports/pro_sports_played	146821
film_crew_gig	film	/film/film_crew_gig	141839
school	education	/education/school	126967
employment_tenure	business	/business/employment_tenure	114198
regular_tv_appearance	tv	/tv/regular_tv_appearance	113870
gene_ontology_group_membership_evidence	biology	/biology/gene_ontology_group_membership_evidence	112741
gene_group_membership_evidence	biology	/biology/gene_group_membership_evidence	112741
gene_group_membership	biology	/biology/gene_group_membership	112741
group_member	music	/music/group_member	110727
group_membership	music	/music/group_membership	106450
football_player	soccer	/soccer/football_player	102666
event	time	/time/event	102275
hud_foreclosure_area	location	/location/hud_foreclosure_area	98379
structure	architecture	/architecture/structure	96745
tv_character	tv	/tv/tv_character	94717
politician	government	/government/politician	90920
batting_statistics	baseball	/baseball/batting_statistics	90683
project_focus	projects	/projects/project_focus	82648
award_nomination	award	/award/award_nomination	80309
business_location	business	/business/business_location	75751
stock_ticker_symbol	business	/business/stock_ticker_symbol	74753
netflix_title	media_common	/media_common/netflix_title	71499
issue	business	/business/issue	69125
geographical_feature	geography	/geography/geographical_feature	68580
composition	music	/music/composition	66405
census_tract	location	/location/census_tract	66163
task	pipeline	/pipeline/task	65239
user_activity	freebase	/freebase/user_activity	63071
postal_code	location	/location/postal_code	62851
user_profile	freebase	/freebase/user_profile	60577
tv_actor	tv	/tv/tv_actor	57748
release_component	music	/music/release_component	57647
board_member	business	/business/board_member	56646
building	architecture	/architecture/building	56587
football_roster_position	soccer	/soccer/football_roster_position	56272
organization_board_membership	organization	/organization/organization_board_membership	56057
political_party_tenure	government	/government/political_party_tenure	55026
award_honor	award	/award/award_honor	53133
olympic_athlete	olympics	/olympics/olympic_athlete	52654
director	film	/film/director	51787
influence_node	influence	/influence/influence_node	49880
nutrition_fact	food	/food/nutrition_fact	49724
delete_task	pipeline	/pipeline/delete_task	47620
film_crewmember	film	/film/film_crewmember	47537
manufactured_drug_form	medicine	/medicine/manufactured_drug_form	46530
tv_program	tv	/tv/tv_program	44114
issuer	business	/business/issuer	44024
tv_series_season	tv	/tv/tv_series_season	42839
listed_site	protected_sites	/protected_sites/listed_site	42223
body_of_water	geography	/geography/body_of_water	39526
record_label	music	/music/record_label	38830
gene	biology	/biology/gene	38826
natural_or_cultural_site_listing	protected_sites	/protected_sites/natural_or_cultural_site_listing	38731
drug_strength	medicine	/medicine/drug_strength	38530
producer	film	/film/producer	37375
game_version	cvg	/cvg/game_version	36976
film_regional_release_date	film	/film/film_regional_release_date	36766
personal_film_appearance	film	/film/personal_film_appearance	36366
military_person	military	/military/military_person	35765
award_nominee	award	/award/award_nominee	35313
quotation	media_common	/media_common/quotation	34347
award_nominated_work	award	/award/award_nominated_work	33467
marriage	people	/people/marriage	32785
social_network_user	internet	/internet/social_network_user	32743
award_winner	award	/award/award_winner	32517
academic	education	/education/academic	32226
writer	film	/film/writer	31966
book_subject	book	/book/book_subject	31494
transit_stop	metropolitan_transit	/metropolitan_transit/transit_stop	29996
open_times	business	/business/open_times	29107
hud_county_place	location	/location/hud_county_place	29105
sports_team	sports	/sports/sports_team	28146
administrative_division	location	/location/administrative_division	27988
query	freebase	/freebase/query	27486
film_film_distributor_relationship	film	/film/film_film_distributor_relationship	27289
river	geography	/geography/river	26611
acre_doc	freebase	/freebase/acre_doc	26503
university	education	/education/university	25745
visual_artist	visual_art	/visual_art/visual_artist	25586
measured_person	people	/people/measured_person	25047
trim_level	automotive	/automotive/trim_level	25037
celestial_object	astronomy	/astronomy/celestial_object	24570
multipart_release	music	/music/multipart_release	24565
person_or_entity_appearing_in_film	film	/film/person_or_entity_appearing_in_film	24556
educational_institution_campus	education	/education/educational_institution_campus	24184
ship	boats	/boats/ship	23597
work_of_fiction	fictional_universe	/fictional_universe/work_of_fiction	23382
baseball_player	baseball	/baseball/baseball_player	23164
ranking	award	/award/ranking	23028
gene_ontology_group	biology	/biology/gene_ontology_group	22668
gene_group	biology	/biology/gene_group	22668
player_game_statistics	american_football	/american_football/player_game_statistics	22667
broadcast	broadcast	/broadcast/broadcast	22428
leadership	organization	/organization/leadership	22353
orbital_relationship	astronomy	/astronomy/orbital_relationship	22339
football_player	american_football	/american_football/football_player	22123
us_fuel_economy	automotive	/automotive/us_fuel_economy	21786
award_winning_work	award	/award/award_winning_work	21121
military_service	military	/military/military_service	21082
government_position_held	government	/government/government_position_held	20806
periodical	book	/book/periodical	20413
school_district	education	/education/school_district	20060
computer_videogame	cvg	/cvg/computer_videogame	19825
astronomical_discovery	astronomy	/astronomy/astronomical_discovery	19397
genomic_locus	biology	/biology/genomic_locus	19338
road	transportation	/transportation/road	18776
sibling_relationship	people	/people/sibling_relationship	18226
provenance	dataworld	/dataworld/provenance	18075
basketball_player_stats	basketball	/basketball/basketball_player_stats	17887
ranked_item	award	/award/ranked_item	17879
recording_contribution	music	/music/recording_contribution	17481
type_profile	freebase	/freebase/type_profile	17403
artwork	visual_art	/visual_art/artwork	17378
mass_data_operation	dataworld	/dataworld/mass_data_operation	17343
noble_person	royalty	/royalty/noble_person	17203
lifetime_batting_statistics	baseball	/baseball/lifetime_batting_statistics	17093
job_title	business	/business/job_title	16809
asteroid	astronomy	/astronomy/asteroid	16768
drug_formulation	medicine	/medicine/drug_formulation	16640
composer	music	/music/composer	16481
discussion_thread	community	/community/discussion_thread	16236
producer	music	/music/producer	16073
radio_station	broadcast	/broadcast/radio_station	15794
co2_emission	location	/location/co2_emission	15594
football_team	soccer	/soccer/football_team	15561
military_combatant_group	military	/military/military_combatant_group	14921
scholarly_work	book	/book/scholarly_work	14860
adjoining_relationship	location	/location/adjoining_relationship	14359
dissertation	education	/education/dissertation	14327
cricket_player	cricket	/cricket/cricket_player	14199
artist	broadcast	/broadcast/artist	13774
olympic_medal_honor	olympics	/olympics/olympic_medal_honor	13672
editor	film	/film/editor	13530
artwork_owner_relationship	visual_art	/visual_art/artwork_owner_relationship	13026
cinematographer	film	/film/cinematographer	12801
music_contributor	film	/film/music_contributor	12553
u_s_congressperson	government	/government/u_s_congressperson	12196
tv_network_duration	tv	/tv/tv_network_duration	12039
tourist_attraction	travel	/travel/tourist_attraction	11687
item_resource	scheme	/freebase/apps/hosts/com/freebaseapps/glamourapartments/scheme/item_resource	11687
election	government	/government/election	11674
airport	aviation	/aviation/airport	11518
merge_task	pipeline	/pipeline/merge_task	11353
military_unit	military	/military/military_unit	11254
mountain	geography	/geography/mountain	11111
chemical_compound	chemistry	/chemistry/chemical_compound	11098
publishing_company	book	/book/publishing_company	11037
human_language	language	/language/human_language	10780
consumer_product	business	/business/consumer_product	10662
island	geography	/geography/island	10592
military_conflict	military	/military/military_conflict	10528
icd_9_cm_classification	medicine	/medicine/icd_9_cm_classification	10152
duplicate_collection	freebase	/freebase/duplicate_collection	10151
public_library	library	/library/public_library	10105
recurring_event	time	/time/recurring_event	9992
adaptation	media_common	/media_common/adaptation	9896
publication	book	/book/publication	9802
sports_league_season	sports	/sports/sports_league_season	9734
political_party	government	/government/political_party	9722
basketball_player	basketball	/basketball/basketball_player	9716
review_flag	pipeline	/pipeline/review_flag	9663
lake	geography	/geography/lake	9638
tv_producer_term	tv	/tv/tv_producer_term	9560
chivalric_order_member	royalty	/royalty/chivalric_order_member	9514
disease	medicine	/medicine/disease	9478
public_library_system	library	/library/public_library_system	9402
exchange_rate	finance	/finance/exchange_rate	9342
award_category	award	/award/award_category	9229
published_work	book	/book/published_work	9037
magazine_issue	book	/book/magazine_issue	8696
software	computer	/computer/software	8683
sports_league_participation	sports	/sports/sports_league_participation	8545
drug	medicine	/medicine/drug	8516
tv_personality	tv	/tv/tv_personality	8365
family_member	people	/people/family_member	8239
organization_founder	organization	/organization/organization_founder	8226
museum	architecture	/architecture/museum	8185
truck_trim_level	automotive	/automotive/truck_trim_level	8158
noble_title_tenure	royalty	/royalty/noble_title_tenure	8153
political_district	government	/government/political_district	8100
cargo_bed	automotive	/automotive/cargo_bed	8099
software_compatibility	computer	/computer/software_compatibility	8038
film_story_contributor	film	/film/film_story_contributor	8031
tournament_event_competition	sports	/sports/tournament_event_competition	7693
olympic_athlete_affiliation	olympics	/olympics/olympic_athlete_affiliation	7620
model_year	automotive	/automotive/model_year	7595
uk_civil_parish	location	/location/uk_civil_parish	7557
protected_site	protected_sites	/protected_sites/protected_site	7507
list_entry	freebase	/freebase/list_entry	7428
literary_series	book	/book/literary_series	7394
game_receiving_statistics	american_football	/american_football/game_receiving_statistics	7324
periodical_frequency	book	/book/periodical_frequency	7121
player_receiving_statistics	american_football	/american_football/player_receiving_statistics	7057
restaurant	dining	/dining/restaurant	7048
brand	business	/business/brand	6954
theater_character	theater	/theater/theater_character	6805
film_job	film	/film/film_job	6772
venue	architecture	/architecture/venue	6771
football_roster_position	american_football	/american_football/football_roster_position	6677
hockey_player	ice_hockey	/ice_hockey/hockey_player	6668
wine	wine	/wine/wine	6665
periodical_publication_date	book	/book/periodical_publication_date	6655
architect	architecture	/architecture/architect	6613
adapted_work	media_common	/media_common/adapted_work	6583
book_character	book	/book/book_character	6469
bridge	transportation	/transportation/bridge	6468
website	internet	/internet/website	6433
simple_merge_task	pipeline	/pipeline/simple_merge_task	6266
high_school	entity	/m/0bpgx	6227
grape_variety_composition	wine	/wine/grape_variety_composition	6217
magazine	book	/book/magazine	6123
organization_membership	organization	/organization/organization_membership	6012
family_name	people	/people/family_name	5935
venture_investment	venture_capital	/venture_capital/venture_investment	5926
comparable_aircraft_relationship	aviation	/aviation/comparable_aircraft_relationship	5916
noble_title	royalty	/royalty/noble_title	5851
road_starting_point	transportation	/transportation/road_starting_point	5822
neighborhood	location	/location/neighborhood	5818
newspaper	book	/book/newspaper	5796
company_product_relationship	business	/business/company_product_relationship	5746
ethnicity	people	/people/ethnicity	5650
tv_regular_personal_appearance	tv	/tv/tv_regular_personal_appearance	5626
aircraft_model	aviation	/aviation/aircraft_model	5576
census_designated_place	location	/location/census_designated_place	5541
soundtrack	music	/music/soundtrack	5483
film_production_designer	film	/film/film_production_designer	5449
tv_writer	tv	/tv/tv_writer	5391
newspaper_circulation_area	periodicals	/periodicals/newspaper_circulation_area	5365
place_of_worship	religion	/religion/place_of_worship	5293
lyricist	music	/music/lyricist	5290
sports_facility	sports	/sports/sports_facility	5207
olympic_event_competition	olympics	/olympics/olympic_event_competition	5122
legal_case	law	/law/legal_case	5110
film_art_director	film	/film/film_art_director	5095
hospital	medicine	/medicine/hospital	5027
content	broadcast	/broadcast/content	4891
player_rushing_statistics	american_football	/american_football/player_rushing_statistics	4823
domain_profile	freebase	/freebase/domain_profile	4816
model	automotive	/automotive/model	4745
short_story	book	/book/short_story	4738
tv_producer	tv	/tv/tv_producer	4729
protein	biology	/biology/protein	4713
football_historical_roster_position	american_football	/american_football/football_historical_roster_position	4692
organism	biology	/biology/organism	4691
industry	business	/business/industry	4644
play	theater	/theater/play	4608
government_agency	government	/government/government_agency	4517
journal	book	/book/journal	4513
cvg_developer	cvg	/cvg/cvg_developer	4510
exhibition_run	exhibitions	/exhibitions/exhibition_run	4501
religious_leadership_jurisdiction	religion	/religion/religious_leadership_jurisdiction	4485
judge	law	/law/judge	4445
guitarist	music	/music/guitarist	4423
defunct_company	business	/business/defunct_company	4361
military_command	military	/military/military_command	4340
boxer	sports	/sports/boxer	4337
tv_director	tv	/tv/tv_director	4321
exhibition	exhibitions	/exhibitions/exhibition	4317
theater_actor	theater	/theater/theater_actor	4244
comic_book_character	comic_books	/comic_books/comic_book_character	4240
game_rushing_statistics	american_football	/american_football/game_rushing_statistics	4213
review_flag	freebase	/freebase/review_flag	4207
project	projects	/projects/project	4198
production_company	film	/film/production_company	4142
acre_app_version	apps	/freebase/apps/acre_app_version	4075
organization_member	organization	/organization/organization_member	4072
aircraft_owner	aviation	/aviation/aircraft_owner	4032
private_school	entity	/m/01rs41	4030
film_costumer_designer	film	/film/film_costumer_designer	3910
government_office_or_title	government	/government/government_office_or_title	3868
award	award	/award/award	3864
medical_treatment	medicine	/medicine/medical_treatment	3833
skyscraper	architecture	/architecture/skyscraper	3774
airline	aviation	/aviation/airline	3733
cyclist	sports	/sports/cyclist	3715
romantic_involvement	fictional_universe	/fictional_universe/romantic_involvement	3675
non_profit_organization	organization	/organization/non_profit_organization	3596
project_participation	projects	/projects/project_participation	3570
file_format	computer	/computer/file_format	3570
tennis_player	tennis	/tennis/tennis_player	3568
drug_ingredient	medicine	/medicine/drug_ingredient	3499
songwriter	music	/music/songwriter	3481
general_election	government	/government/general_election	3460
beer	food	/food/beer	3442
organism_classification_placement	biology	/biology/organism_classification_placement	3421
engineer	music	/music/engineer	3364
contents	book	/book/contents	3360
transit_line	metropolitan_transit	/metropolitan_transit/transit_line	3340
monarch	royalty	/royalty/monarch	3301
atomic_mass	chemistry	/chemistry/atomic_mass	3288
australian_suburb	location	/location/australian_suburb	3224
us_county	location	/location/us_county	3223
tennis_tournament_championship	tennis	/tennis/tennis_tournament_championship	3216
sponsorship	business	/business/sponsorship	3193
isotope	chemistry	/chemistry/isotope	3177
disaster	event	/event/disaster	3162
place_of_interment	people	/people/place_of_interment	3144
camera_resolution	digicams	/digicams/camera_resolution	3132
shopping_center	business	/business/shopping_center	3098
cotermination	location	/location/cotermination	3093
sports_league	sports	/sports/sports_league	3045
cricket_player_stats	cricket	/cricket/cricket_player_stats	3036
project_participant	projects	/projects/project_participant	3028
application	apps	/freebase/apps/application	3019
football_player_match_participation	soccer	/soccer/football_player_match_participation	3004
game_performance	cvg	/cvg/game_performance	2990
sibling_relationship_of_fictional_characters	fictional_universe	/fictional_universe/sibling_relationship_of_fictional_characters	2987
similar_automobile_models	automotive	/automotive/similar_automobile_models	2967
musical_game_song_relationship	cvg	/cvg/musical_game_song_relationship	2966
profession	people	/people/profession	2963
horse	entity	/m/03k3r	2948
aircraft_ownership_count	aviation	/aviation/aircraft_ownership_count	2939
anatomical_structure	medicine	/medicine/anatomical_structure	2916
tv_program_creator	tv	/tv/tv_program_creator	2914
beer_containment	food	/food/beer_containment	2893
film_set_designer	film	/film/film_set_designer	2889
religious_leader	religion	/religion/religious_leader	2878
sports_team_season_record	sports	/sports/sports_team_season_record	2871
acre_app	apps	/freebase/apps/acre_app	2839
golfer	sports	/sports/golfer	2786
film_subject	film	/film/film_subject	2759
tv_affiliation_duration	broadcast	/broadcast/tv_affiliation_duration	2759
hockey_roster_position	ice_hockey	/ice_hockey/hockey_roster_position	2730
public_university	entity	/m/05jxkf	2724
ship_class	boats	/boats/ship_class	2695
bottle	entity	/m/04dr76w	2694
periodical_format_period	book	/book/periodical_format_period	2675
chivalric_order_membership	royalty	/royalty/chivalric_order_membership	2617
hall_of_fame_induction	award	/award/hall_of_fame_induction	2615
podcast_feed	broadcast	/broadcast/podcast_feed	2599
venture_investor	venture_capital	/venture_capital/venture_investor	2588
hall_of_fame_inductee	award	/award/hall_of_fame_inductee	2582
hud_section_8_area	location	/location/hud_section_8_area	2575
venture_funded_company	venture_capital	/venture_capital/venture_funded_company	2574
system_title_relationship	royalty	/royalty/system_title_relationship	2556
opera_character_voice	opera	/opera/opera_character_voice	2554
baseball_team_stats	baseball	/baseball/baseball_team_stats	2551
acceptance_rate	education	/education/acceptance_rate	2538
house	architecture	/architecture/house	2507
football_coach	american_football	/american_football/football_coach	2498
australian_rules_footballer	sports	/sports/australian_rules_footballer	2486
field_of_study	education	/education/field_of_study	2480
fictional_setting	fictional_universe	/fictional_universe/fictional_setting	2462
competitor	award	/award/competitor	2447
shareholder	business	/business/shareholder	2436
dish	food	/food/dish	2421
extraterrestrial_location	astronomy	/astronomy/extraterrestrial_location	2418
compound_drug	medicine	/medicine/compound_drug	2415
pedigreed_animal	biology	/biology/pedigreed_animal	2414
owned_animal	biology	/biology/owned_animal	2398
tv_station	broadcast	/broadcast/tv_station	2393
competition	award	/award/competition	2390
drug_manufacturer	medicine	/medicine/drug_manufacturer	2316
game	games	/games/game	2311
star	astronomy	/astronomy/star	2305
mountain_range	geography	/geography/mountain_range	2285
geometry	location	/location/geometry	2275
conductor	music	/music/conductor	2266
inventor	law	/law/inventor	2229
physician	medicine	/medicine/physician	2214
basketball_coach	basketball	/basketball/basketball_coach	2205
football_league_season	soccer	/soccer/football_league_season	2164
cemetery	location	/location/cemetery	2151
film_casting_director	film	/film/film_casting_director	2147
celebrity	celebrities	/celebrities/celebrity	2143
sports_league_draft_pick	sports	/sports/sports_league_draft_pick	2138
mixed-sex_education	entity	/m/01_srz	2136
religious_organization_leadership	religion	/religion/religious_organization_leadership	2134
artwork_location_relationship	visual_art	/visual_art/artwork_location_relationship	2109
reservoir	entity	/m/093shy	2105
drafted_athlete	sports	/sports/drafted_athlete	2087
sports_award	sports	/sports/sports_award	2085
opera_character	opera	/opera/opera_character	2082
engine	automotive	/automotive/engine	2082
marriage_of_fictional_characters	fictional_universe	/fictional_universe/marriage_of_fictional_characters	2079
comic_book_series	comic_books	/comic_books/comic_book_series	2075
ownership	architecture	/architecture/ownership	2053
genre	music	/music/genre	2039
person_in_fiction	fictional_universe	/fictional_universe/person_in_fiction	2026
cricket_bowler_stats	cricket	/cricket/cricket_bowler_stats	2016
periodical_publisher_period	book	/book/periodical_publisher_period	2014
cvg_publisher	cvg	/cvg/cvg_publisher	1985
written_by	freebase	/freebase/written_by	1964
fictional_character_creator	fictional_universe	/fictional_universe/fictional_character_creator	1943
acquisition	business	/business/acquisition	1938
locomotive_class	rail	/rail/locomotive_class	1936
chess_player	chess	/chess/chess_player	1873
endowed_organization	organization	/organization/endowed_organization	1866
opera	opera	/opera/opera	1865
symptom	medicine	/medicine/symptom	1850
tv_network	tv	/tv/tv_network	1847
cvg_designer	cvg	/cvg/cvg_designer	1846
game_character	cvg	/cvg/game_character	1843
film_location	film	/film/film_location	1832
hotel	travel	/travel/hotel	1825
accommodation	travel	/travel/accommodation	1817
drug_therapeutic_equivalence_relationship	medicine	/medicine/drug_therapeutic_equivalence_relationship	1795
sports_official	sports	/sports/sports_official	1773
quotation_subject	media_common	/media_common/quotation_subject	1771
poem	book	/book/poem	1765
glacier	geography	/geography/glacier	1753
ingredient	food	/food/ingredient	1751
film_festival_event	film	/film/film_festival_event	1726
video	tv	/tv/video	1723
warship_armament	boats	/boats/warship_armament	1723
basketball_team	basketball	/basketball/basketball_team	1683
musical_game_song	cvg	/cvg/musical_game_song	1667
armed_force	military	/military/armed_force	1664
instrument	music	/music/instrument	1660
family	people	/people/family	1658
tv_guest_personal_appearance	tv	/tv/tv_guest_personal_appearance	1657
brewery_brand_of_beer	food	/food/brewery_brand_of_beer	1632
sports_championship_event	sports	/sports/sports_championship_event	1624
performance_role	music	/music/performance_role	1622
sponsor	business	/business/sponsor	1620
cricket_bowler	cricket	/cricket/cricket_bowler	1605
architectural_structure_owner	architecture	/architecture/architectural_structure_owner	1594
ride	amusement_parks	/amusement_parks/ride	1593
governmental_body	government	/government/governmental_body	1575
lighthouse	architecture	/architecture/lighthouse	1565
tv_program_writer_relationship	tv	/tv/tv_program_writer_relationship	1555
bus	entity	/m/01bjv	1550
player_passing_statistics	american_football	/american_football/player_passing_statistics	1543
internet_stream	broadcast	/broadcast/internet_stream	1540
martial_artist	martial_arts	/martial_arts/martial_artist	1534
zoo_exhibit	zoos	/zoos/zoo_exhibit	1528
railway	rail	/rail/railway	1527
opinion_collection	freebase	/freebase/opinion_collection	1526
media_genre	media_common	/media_common/media_genre	1524
holding	business	/business/holding	1509
art_subject	visual_art	/visual_art/art_subject	1507
tv_producer_episode_credit	tv	/tv/tv_producer_episode_credit	1496
basketball_roster_position	basketball	/basketball/basketball_roster_position	1496
hockey_team	ice_hockey	/ice_hockey/hockey_team	1495
school_mascot	education	/education/school_mascot	1488
software_developer	computer	/computer/software_developer	1420
animal_breed	biology	/biology/animal_breed	1416
baseball_roster_position	baseball	/baseball/baseball_roster_position	1412
notable_person_with_medical_condition	medicine	/medicine/notable_person_with_medical_condition	1392
multi_event_tournament	sports	/sports/multi_event_tournament	1386
fictional_organization	fictional_universe	/fictional_universe/fictional_organization	1386
private_university	entity	/m/05pcjw	1382
sponsored_recipient	business	/business/sponsored_recipient	1380
collectable_item	interests	/interests/collectable_item	1379
disaster_victim	event	/event/disaster_victim	1366
character_species	fictional_universe	/fictional_universe/character_species	1362
company_advisor	business	/business/company_advisor	1359
volcano	entity	/m/07_9_	1341
game_passing_statistics	american_football	/american_football/game_passing_statistics	1329
golf_facility	sports	/sports/golf_facility	1307
item	scheme	/freebase/apps/hosts/com/freebaseapps/glamourapartments/scheme/item	1306
theater_role	theater	/theater/theater_role	1288
digital_camera	digicams	/digicams/digital_camera	1285
cn_county	location	/location/cn_county	1264
exterior_color	automotive	/automotive/exterior_color	1252
fictional_employment_tenure	fictional_universe	/fictional_universe/fictional_employment_tenure	1250
coat_of_arms	symbols	/symbols/coat_of_arms	1245
theme	freebase	/freebase/theme	1242
programming_language	computer	/computer/programming_language	1238
wine_producer	wine	/wine/wine_producer	1235
theater	theater	/theater/theater	1235
concert_tour	music	/music/concert_tour	1233
legislative_session	government	/government/legislative_session	1195
company_name_change	business	/business/company_name_change	1186
golf_course	sports	/sports/golf_course	1173
baseball_team	baseball	/baseball/baseball_team	1166
peer_relationship	influence	/influence/peer_relationship	1165
tropical_cyclone	meteorology	/meteorology/tropical_cyclone	1151
food	food	/food/food	1138
parish_(catholic_church)	entity	/m/027p2ms	1121
illustrator	book	/book/illustrator	1116
equivalent_topic	freebase	/freebase/equivalent_topic	1113
deity	religion	/religion/deity	1107
tennis_tournament	tennis	/tennis/tennis_tournament	1097
department	education	/education/department	1082
professional_sports_team	sports	/sports/professional_sports_team	1076
governmental_jurisdiction	government	/government/governmental_jurisdiction	1074
military_commander	military	/military/military_commander	1065
invention	law	/law/invention	1059
airliner_accident	aviation	/aviation/airliner_accident	1059
hockey_previous_roster_position	ice_hockey	/ice_hockey/hockey_previous_roster_position	1057
tv_program_guest	tv	/tv/tv_program_guest	1050
risk_factor	medicine	/medicine/risk_factor	1039
travel_destination	travel	/travel/travel_destination	1023
camera_dimensions	digicams	/digicams/camera_dimensions	1019
religion_percentage	location	/location/religion_percentage	1015
list	freebase	/freebase/list	1010
exhibition_subject	exhibitions	/exhibitions/exhibition_subject	1009
secondary_school	entity	/m/025tjcb	997
tennis_tournament_champion	tennis	/tennis/tennis_tournament_champion	993
film_festival	film	/film/film_festival	985
comic_strip	comic_strips	/comic_strips/comic_strip	985
conducting_tenure	music	/music/conducting_tenure	977
quotation_source	media_common	/media_common/quotation_source	972
spacecraft	spaceflight	/spaceflight/spacecraft	971
membership_organization	organization	/organization/membership_organization	970
us_patent	law	/law/us_patent	970
feed_link	atom	/atom/feed_link	967
sports_team_location	sports	/sports/sports_team_location	966
us_cbsa	location	/location/us_cbsa	964
mountain_pass	geography	/geography/mountain_pass	964
company_brand_relationship	business	/business/company_brand_relationship	964
deceased_organism	biology	/biology/deceased_organism	951
astronomer	astronomy	/astronomy/astronomer	946
geologic_time_period_uncertainty	time	/time/geologic_time_period_uncertainty	933
visual_art_medium	visual_art	/visual_art/visual_art_medium	929
middle_school	entity	/m/01j4jl	923
election_campaign	government	/government/election_campaign	919
language_family	language	/language/language_family	916
content_rating	film	/film/content_rating	915
drinking_establishment	food	/food/drinking_establishment	912
translation	book	/book/translation	909
body_style	automotive	/automotive/body_style	906
character_occupation	fictional_universe	/fictional_universe/character_occupation	901
human_measurement	people	/people/human_measurement	899
feed_item	atom	/atom/feed_item	893
religious_organization	religion	/religion/religious_organization	892
website_ownership	internet	/internet/website_ownership	878
computer_scientist	computer	/computer/computer_scientist	875
cytogenetic_band	biology	/biology/cytogenetic_band	861
sports_award_winner	sports	/sports/sports_award_winner	854
fictional_date_time	fictional_universe	/fictional_universe/fictional_date_time	854
academic_post	education	/education/academic_post	854
callsign_duration	broadcast	/broadcast/callsign_duration	846
jp_city_town	location	/location/jp_city_town	840
chef	dining	/dining/chef	828
conference_series	conferences	/conferences/conference_series	817
match_boxer_relationship	boxing	/boxing/match_boxer_relationship	817
award_presenting_organization	award	/award/award_presenting_organization	803
blog	internet	/internet/blog	791
festival	music	/music/festival	788
olympic_event	olympics	/olympics/olympic_event	773
architecture_firm	architecture	/architecture/architecture_firm	752
military_post	military	/military/military_post	750
zoo	zoos	/zoos/zoo	749
theater_production	theater	/theater/theater_production	743
boxing_match	boxing	/boxing/boxing_match	743
basketball_historical_coach_position	basketball	/basketball/basketball_historical_coach_position	734
currency	finance	/finance/currency	733
vineyard	wine	/wine/vineyard	726
day_of_year	time	/time/day_of_year	725
game_expansion	games	/games/game_expansion	721
school_sports_team	sports	/sports/school_sports_team	718
disease_cause	medicine	/medicine/disease_cause	718
engine	engineering	/engineering/engine	718
football_match	soccer	/soccer/football_match	716
dedication	media_common	/media_common/dedication	715
animal_captivity	zoos	/zoos/animal_captivity	714
comprehensive_school	entity	/m/033t99	710
australian_local_government_area	location	/location/australian_local_government_area	710
cause_of_death	people	/people/cause_of_death	709
dedicated_work	media_common	/media_common/dedicated_work	708
academic_post_title	education	/education/academic_post_title	705
travel_destination_monthly_climate	travel	/travel/travel_destination_monthly_climate	701
zoo_animal	zoos	/zoos/zoo_animal	697
mountaineer	geography	/geography/mountaineer	696
tv_crew_gig	tv	/tv/tv_crew_gig	694
periodical_publisher	book	/book/periodical_publisher	691
netflix_genre	media_common	/media_common/netflix_genre	688
stratovolcano	entity	/m/015kp7	679
roller_coaster	amusement_parks	/amusement_parks/roller_coaster	672
theater_company	theater	/theater/theater_company	668
fictional_object	fictional_universe	/fictional_universe/fictional_object	668
item	schema	/freebase/apps/hosts/com/freebaseapps/grodno/schema/item	665
website_owner	internet	/internet/website_owner	664
legislative_committee	government	/government/legislative_committee	659
film_genre	film	/film/film_genre	655
bassist	music	/music/bassist	652
recurring_competition	award	/award/recurring_competition	651
waterfall	geography	/geography/waterfall	646
in_district	location	/location/in_district	644
art_owner	visual_art	/visual_art/art_owner	643
ship_ownership	boats	/boats/ship_ownership	643
aircraft_type	aviation	/aviation/aircraft_type	636
journal_publication	book	/book/journal_publication	633
translated_work	book	/book/translated_work	626
aviation_incident_aircraft_relationship	aviation	/aviation/aviation_incident_aircraft_relationship	626
boarding_school	entity	/m/0m4mb	625
film_distributor	film	/film/film_distributor	620
religion	religion	/religion/religion	616
astronaut	spaceflight	/spaceflight/astronaut	613
romantic_relationship	celebrities	/celebrities/romantic_relationship	613
de_city	location	/location/de_city	609
producer	broadcast	/broadcast/producer	599
computer	computer	/computer/computer	598
dedicatee	media_common	/media_common/dedicatee	596
hybrid	biology	/biology/hybrid	596
organization_scope	organization	/organization/organization_scope	595
day_school	entity	/m/03ss47	593
baseball_historical_roster_position	baseball	/baseball/baseball_historical_roster_position	586
park	amusement_parks	/amusement_parks/park	585
translator	book	/book/translator	570
short_non_fiction	book	/book/short_non_fiction	570
journal_article	book	/book/journal_article	567
organization_sector	organization	/organization/organization_sector	562
student_radio_station	education	/education/student_radio_station	559
grape_variety	wine	/wine/grape_variety	558
jp_district	location	/location/jp_district	558
aircraft_manufacturer	aviation	/aviation/aircraft_manufacturer	555
blogger	internet	/internet/blogger	554
galaxy	astronomy	/astronomy/galaxy	552
librettist	opera	/opera/librettist	550
school_newspaper	education	/education/school_newspaper	548
competitive_space	business	/business/competitive_space	548
film_featured_song	film	/film/film_featured_song	546
contestant	entity	/m/043q4d	543
country	location	/location/country	543
court	law	/law/court	540
football_game	american_football	/american_football/football_game	537
holiday	time	/time/holiday	535
operating_system	computer	/computer/operating_system	535
nfl_game	american_football	/american_football/nfl_game	534
astronomical_observatory	astronomy	/astronomy/astronomical_observatory	529
transit_system	metropolitan_transit	/metropolitan_transit/transit_system	526
airline_airport_presence	aviation	/aviation/airline_airport_presence	522
mascot	sports	/sports/mascot	513
ar_department	location	/location/ar_department	512
basketball_historical_roster_position	basketball	/basketball/basketball_historical_roster_position	510
comic_book_issue	comic_books	/comic_books/comic_book_issue	509
asset_ownership	business	/business/asset_ownership	509
ua_raion	location	/location/ua_raion	505
fraternity_sorority	education	/education/fraternity_sorority	505
religious_leadership_title	religion	/religion/religious_leadership_title	503
educational_degree	education	/education/educational_degree	500
fashion_designer	fashion	/fashion/fashion_designer	499
film_company	film	/film/film_company	498
stock_exchange	finance	/finance/stock_exchange	496
football_team	american_football	/american_football/football_team	495
editorial_tenure	book	/book/editorial_tenure	492
fictional_universe	fictional_universe	/fictional_universe/fictional_universe	490
competitive_space_mediator	business	/business/competitive_space_mediator	490
unit_profile	freebase	/freebase/unit_profile	488
cheese	food	/food/cheese	488
playing_card_game	games	/games/playing_card_game	480
space_mission	spaceflight	/spaceflight/space_mission	477
forty_yard_dash_time	american_football	/american_football/forty_yard_dash_time	472
sport	sports	/sports/sport	471
game_series	cvg	/cvg/game_series	471
game_designer	games	/games/game_designer	469
asset	business	/business/asset	469
geologic_time_period	time	/time/geologic_time_period	468
game_voice_actor	cvg	/cvg/game_voice_actor	466
friendship	celebrities	/celebrities/friendship	465
literary_genre	book	/book/literary_genre	461
appointment	people	/people/appointment	459
character_powers	fictional_universe	/fictional_universe/character_powers	459
island_group	geography	/geography/island_group	458
orchestra	music	/music/orchestra	457
voice_acting_in_japan	entity	/m/01kyvx	455
camera_sensor_size	digicams	/digicams/camera_sensor_size	455
uk_statistical_location	location	/location/uk_statistical_location	454
football_historical_coach_position	american_football	/american_football/football_historical_coach_position	451
website_category	internet	/internet/website_category	450
baseball_manager	baseball	/baseball/baseball_manager	450
football_team_manager	soccer	/soccer/football_team_manager	448
military_combatant	military	/military/military_combatant	446
exhibition_venue	exhibitions	/exhibitions/exhibition_venue	445
appointee	people	/people/appointee	444
solubility_relationship	chemistry	/chemistry/solubility_relationship	444
periodical_editor	book	/book/periodical_editor	442
nl_municipality	location	/location/nl_municipality	441
software_genre	computer	/computer/software_genre	439
football_league	soccer	/soccer/football_league	438
tournament_event_competitor	sports	/sports/tournament_event_competitor	433
conference	conferences	/conferences/conference	433
drug_class	medicine	/medicine/drug_class	431
trade_union	entity	/m/04gny	431
ship_type	boats	/boats/ship_type	430
organization_merger	organization	/organization/organization_merger	428
public_speaking_event	event	/event/public_speaking_event	426
appellation	wine	/wine/appellation	424
color	visual_art	/visual_art/color	422
comic_strip_creator	comic_strips	/comic_strips/comic_strip_creator	422
courthouse	law	/law/courthouse	420
location_symbol_relationship	location	/location/location_symbol_relationship	418
geographical_feature_category	geography	/geography/geographical_feature_category	413
hall_of_fame	award	/award/hall_of_fame	411
primary_election	government	/government/primary_election	410
ski_area	skiing	/skiing/ski_area	406
diocese	entity	/m/0dc9p	406
language_writing_system	language	/language/language_writing_system	406
cameo_appearance	entity	/m/01pb34	403
product_line	business	/business/product_line	402
list_category	freebase	/freebase/list_category	400
charge-coupled_device	entity	/m/01zqt	397
ship_owner	boats	/boats/ship_owner	395
metaweb_application	freebase	/freebase/metaweb_application	393
exhibition_sponsor	exhibitions	/exhibitions/exhibition_sponsor	391
defunct_sports_team	sports	/sports/defunct_sports_team	389
executive_producer	entity	/m/0ckd1	384
board_member_title	business	/business/board_member_title	381
radio_program	radio	/radio/radio_program	380
guitar	music	/music/guitar	380
truss_bridge	entity	/m/03ms9p	379
baseball_coach	baseball	/baseball/baseball_coach	379
transport_terminus	travel	/travel/transport_terminus	378
martial_art	martial_arts	/martial_arts/martial_art	377
item	domain	/freebase/apps/hosts/z/appspot/acre/glamourapartments/domain/item	376
opera_singer	music	/music/opera_singer	375
chemical_classification	chemistry	/chemistry/chemical_classification	374
fictional_employer	fictional_universe	/fictional_universe/fictional_employer	371
cvg_platform	cvg	/cvg/cvg_platform	369
musical_soundtrack	theater	/theater/musical_soundtrack	366
region	location	/location/region	366
disaster_survivor	event	/event/disaster_survivor	364
golf_course_designer	sports	/sports/golf_course_designer	360
monastery	religion	/religion/monastery	360
royal_line	royalty	/royalty/royal_line	358
surgeon	medicine	/medicine/surgeon	358
fighter_aircraft	entity	/m/02yjc	352
event_in_fiction	fictional_universe	/fictional_universe/event_in_fiction	350
tv_subject	tv	/tv/tv_subject	348
genre	broadcast	/broadcast/genre	348
football_player_substitution	soccer	/soccer/football_player_substitution	347
language_dialect	language	/language/language_dialect	347
transportation	travel	/travel/transportation	345
religious_order	religion	/religion/religious_order	344
film_series	film	/film/film_series	343
baseball_historical_managerial_position	baseball	/baseball/baseball_historical_managerial_position	342
community_college	entity	/m/01qm7	340
internet_protocol	computer	/computer/internet_protocol	340
exhibit	exhibitions	/exhibitions/exhibit	332
national_anthem	government	/government/national_anthem	331
architectural_style	architecture	/architecture/architectural_style	331
think_tank	entity	/m/097zh	326
university	entity	/m/07tf8	322
appointed_role	people	/people/appointed_role	321
national_anthem_of_a_country	government	/government/national_anthem_of_a_country	321
academic_institution	education	/education/academic_institution	321
arch_bridge	entity	/m/01v4lt	319
symbol_of_administrative_division	location	/location/symbol_of_administrative_division	318
de_rural_district	location	/location/de_rural_district	317
tropical_cyclone_season	meteorology	/meteorology/tropical_cyclone_season	315
dog	entity	/m/0bt9lr	315
garment	fashion	/fashion/garment	315
collector	interests	/interests/collector	313
film_film_company_relationship	film	/film/film_film_company_relationship	311
opera_company	opera	/opera/opera_company	308
award_discipline	award	/award/award_discipline	308
task	freebase	/freebase/task	307
top_level_domain	internet	/internet/top_level_domain	305
incompatible_types	dataworld	/dataworld/incompatible_types	305
cn_prefecture_level_city	location	/location/cn_prefecture_level_city	300
tv_channel	broadcast	/broadcast/tv_channel	298
cricket_umpire	cricket	/cricket/cricket_umpire	292
sports_league_draft	sports	/sports/sports_league_draft	291
locomotive	rail	/rail/locomotive	290
ca_census_division	location	/location/ca_census_division	287
the_colbert_report_episode	tv	/tv/the_colbert_report_episode	285
order_of_chivalry	royalty	/royalty/order_of_chivalry	284
religious_text	religion	/religion/religious_text	283
comic_book_creator	comic_books	/comic_books/comic_book_creator	282
comic_book_story	comic_books	/comic_books/comic_book_story	281
newspaper_owner	book	/book/newspaper_owner	281
planet	entity	/m/05qc_	280
tv_station_owner	broadcast	/broadcast/tv_station_owner	279
asset_owner	business	/business/asset_owner	277
character_rank	fictional_universe	/fictional_universe/character_rank	275
periodical_subject	book	/book/periodical_subject	275
computer_processor	computer	/computer/computer_processor	273
consumer_company	business	/business/consumer_company	271
diagnostic_test	medicine	/medicine/diagnostic_test	269
hockey_coach	ice_hockey	/ice_hockey/hockey_coach	269
vendor_configuration	freebase	/freebase/vendor_configuration	269
football_disciplinary_action	soccer	/soccer/football_disciplinary_action	267
organization_spin_off	organization	/organization/organization_spin_off	265
drummer	music	/music/drummer	265
collection_category	interests	/interests/collection_category	265
government	government	/government/government	263
constellation_bordering_relationship	astronomy	/astronomy/constellation_bordering_relationship	263
rank	military	/military/rank	262
cn_county_level_city	location	/location/cn_county_level_city	262
tv_genre	tv	/tv/tv_genre	261
sports_team_owner	sports	/sports/sports_team_owner	261
legislative_election_results	government	/government/legislative_election_results	261
building_complex	architecture	/architecture/building_complex	261
computer_game_engine	cvg	/cvg/computer_game_engine	259
infectious_disease	medicine	/medicine/infectious_disease	256
place_with_neighborhoods	location	/location/place_with_neighborhoods	256
tv_crewmember	tv	/tv/tv_crewmember	254
public_speaker	event	/event/public_speaker	254
comic_strip_character	comic_strips	/comic_strips/comic_strip_character	254
muscle	medicine	/medicine/muscle	253
independent_school_(united_kingdom)	entity	/m/01jlsn	253
material	engineering	/engineering/material	253
aircraft_designer	aviation	/aviation/aircraft_designer	252
acre_testcase	apps	/freebase/apps/acre_testcase	251
uk_non_metropolitan_district	location	/location/uk_non_metropolitan_district	249
legislative_committee_membership	government	/government/legislative_committee_membership	249
organization_committee	organization	/organization/organization_committee	248
comic_strip_creator_duration	comic_strips	/comic_strips/comic_strip_creator_duration	248
fictional_job_title	fictional_universe	/fictional_universe/fictional_job_title	247
dubbing_performance	film	/film/dubbing_performance	245
cvg_genre	cvg	/cvg/cvg_genre	245
trade_union	business	/business/trade_union	245
school_or_movement	book	/book/school_or_movement	245
sports_award_type	sports	/sports/sports_award_type	242
recipe_ingredient	food	/food/recipe_ingredient	242
artery	medicine	/medicine/artery	241
organization_type	organization	/organization/organization_type	240
comic_story_printing	comic_books	/comic_books/comic_story_printing	240
olympic_venue	olympics	/olympics/olympic_venue	237
fashion_label	fashion	/fashion/fashion_label	236
baseball_league	baseball	/baseball/baseball_league	236
glacial_lake	entity	/m/06by7v	235
speech_or_presentation	event	/event/speech_or_presentation	235
hybrid_parentage	biology	/biology/hybrid_parentage	235
museum_director	architecture	/architecture/museum_director	235
role	organization	/organization/role	232
animal	biology	/biology/animal	232
comet	astronomy	/astronomy/comet	232
football_goal	soccer	/soccer/football_goal	231
competitor_competition_relationship	sports	/sports/competitor_competition_relationship	230
organization_committee_membership	organization	/organization/organization_committee_membership	230
catholic_school	entity	/m/052q4j	230
imports_and_exports	location	/location/imports_and_exports	230
poem_character	book	/book/poem_character	230
current_coaching_tenure	baseball	/baseball/current_coaching_tenure	230
coat_of_arms_bearer	symbols	/symbols/coat_of_arms_bearer	229
imports_exports_by_industry	location	/location/imports_exports_by_industry	229
musical_game	cvg	/cvg/musical_game	229
computer_emulator	computer	/computer/computer_emulator	229
casualties	military	/military/casualties	226
cuisine	dining	/dining/cuisine	226
wine_region	wine	/wine/wine_region	224
award_nominations	award_nominee	/award/award_nominee/award_nominations	224
suspension_bridge	entity	/m/0csy8	223
breed_registration	biology	/biology/breed_registration	223
hotel_brand	travel	/travel/hotel_brand	222
canadian_aboriginal_group	people	/people/canadian_aboriginal_group	222
near_earth_object	astronomy	/astronomy/near_earth_object	222
judicial_tenure	law	/law/judicial_tenure	221
top_level_domain_sponsor	internet	/internet/top_level_domain_sponsor	221
art_period_movement	visual_art	/visual_art/art_period_movement	220
concert_set_list	music	/music/concert_set_list	219
olympic_participating_country	olympics	/olympics/olympic_participating_country	218
country_code_top-level_domain	entity	/m/03xvw1	218
compositional_form	music	/music/compositional_form	217
top_level_domain_registry	internet	/internet/top_level_domain_registry	215
film_screening_venue	film	/film/film_screening_venue	215
ranked_list	award	/award/ranked_list	215
music_video_performance	music	/music/music_video_performance	214
game_publisher	games	/games/game_publisher	214
electric_locomotive_class	rail	/rail/electric_locomotive_class	213
id_regency	location	/location/id_regency	211
tv_theme_song	tv	/tv/tv_theme_song	210
sports_championship	sports	/sports/sports_championship	209
research	entity	/m/06cs1	208
music_video	music	/music/music_video	207
fossil_site	biology	/biology/fossil_site	207
historical_coaching_tenure	baseball	/baseball/historical_coaching_tenure	207
american_indian_group	people	/people/american_indian_group	205
nerve	medicine	/medicine/nerve	205
rock_type	geology	/geology/rock_type	205
brain	medicine	/medicine/brain	204
political_appointer	government	/government/political_appointer	204
foundation_school	entity	/m/07djp7	203
cable-stayed_bridge	entity	/m/0157l1	203
satellite	spaceflight	/spaceflight/satellite	202
building_function	architecture	/architecture/building_function	200
force_strength	military	/military/force_strength	199
reaction_engine	engineering	/engineering/reaction_engine	199
ship_builder	boats	/boats/ship_builder	197
architectural_contractor	architecture	/architecture/architectural_contractor	197
generation	automotive	/automotive/generation	196
kingdom	royalty	/royalty/kingdom	195
company_product_line_relationship	business	/business/company_product_line_relationship	195
project_role	projects	/projects/project_role	194
award_ceremony	award	/award/award_ceremony	192
theatrical_lyricist	theater	/theater/theatrical_lyricist	191
theatrical_composer	theater	/theater/theatrical_composer	191
cricket_team	cricket	/cricket/cricket_team	191
radio_station_owner	broadcast	/broadcast/radio_station_owner	191
football_team_management_tenure	soccer	/soccer/football_team_management_tenure	190
grammar_school	entity	/m/014mjc	189
exhibition_producer	exhibitions	/exhibitions/exhibition_producer	188
hybrid_parent_classification	biology	/biology/hybrid_parent_classification	188
presented_work	event	/event/presented_work	187
conference_venue	conferences	/conferences/conference_venue	187
computing_platform	computer	/computer/computing_platform	187
disease_stage	medicine	/medicine/disease_stage	186
mountain_age	geography	/geography/mountain_age	186
restaurant_chef_association	dining	/dining/restaurant_chef_association	185
tower	architecture	/architecture/tower	185
protocol	internet	/internet/protocol	184
feed_category	atom	/atom/feed_category	183
voluntary_aided_school	entity	/m/07cz1s	182
football_team_manager_match_participation	soccer	/soccer/football_team_manager_match_participation	179
company	automotive	/automotive/company	178
transit_agency	metropolitan_transit	/metropolitan_transit/transit_agency	176
place_of_publication_period	book	/book/place_of_publication_period	176
cantilever_bridge	entity	/m/03lzkv	174
parliamentary_election	government	/government/parliamentary_election	174
isotope_decay	chemistry	/chemistry/isotope_decay	174
magnet_school	entity	/m/0257h9	173
engineer	architecture	/architecture/engineer	173
conducted_ensemble	music	/music/conducted_ensemble	172
military_posting	military	/military/military_posting	172
dedicator	media_common	/media_common/dedicator	172
constitution	law	/law/constitution	172
military_post_use	military	/military/military_post_use	171
computer_game_expansion	cvg	/cvg/computer_game_expansion	171
time_zone	time	/time/time_zone	170
religious_practice	religion	/religion/religious_practice	169
moon	astronomy	/astronomy/moon	167
school_in_fiction	fictional_universe	/fictional_universe/school_in_fiction	166
computer_game_subject	cvg	/cvg/computer_game_subject	166
gender_enrollment	education	/education/gender_enrollment	165
art_series	visual_art	/visual_art/art_series	163
beer_style	food	/food/beer_style	163
programming_language_designer	computer	/computer/programming_language_designer	161
radio_subject	radio	/radio/radio_subject	160
medical_condition_in_fiction	fictional_universe	/fictional_universe/medical_condition_in_fiction	160
ride_theme	amusement_parks	/amusement_parks/ride_theme	160
disney_ride	amusement_parks	/amusement_parks/disney_ride	160
tv_episode_segment	tv	/tv/tv_episode_segment	159
tv_crew_role	tv	/tv/tv_crew_role	159
opera_house	opera	/opera/opera_house	157
freebase_help_topic	freebase	/freebase/freebase_help_topic	157
clothing_size	fashion	/fashion/clothing_size	157
student_organization	education	/education/student_organization	157
tennis_match	tennis	/tennis/tennis_match	155
ethnicity_in_fiction	fictional_universe	/fictional_universe/ethnicity_in_fiction	155
transport_operator	travel	/travel/transport_operator	153
c-type_asteroid	entity	/m/02m9m4	153
multipart_tv_episode	tv	/tv/multipart_tv_episode	152
college	entity	/m/02p0qmm	152
film_critic	film	/film/film_critic	152
fictional_universe_creator	fictional_universe	/fictional_universe/fictional_universe_creator	151
school_type	education	/education/school_type	151
cable_satellite_availability	broadcast	/broadcast/cable_satellite_availability	150
rocket_engine	spaceflight	/spaceflight/rocket_engine	149
railway_terminus	rail	/rail/railway_terminus	149
interest	interests	/interests/interest	149
system_of_nobility	royalty	/royalty/system_of_nobility	147
hud_mfa	location	/location/hud_mfa	147
concert_film	music	/music/concert_film	146
cyclone_affected_area	meteorology	/meteorology/cyclone_affected_area	146
cancer_center_constituent	medicine	/medicine/cancer_center_constituent	146
students'_union	entity	/m/02kysg	145
hobby	interests	/interests/hobby	145
diet_follower	food	/food/diet_follower	145
national_university	entity	/m/047951	143
musical_instrument_company	music	/music/musical_instrument_company	142
nutrient	food	/food/nutrient	141
bipropellant_rocket_engine	spaceflight	/spaceflight/bipropellant_rocket_engine	139
synthesizer	music	/music/synthesizer	138
shield_volcano	entity	/m/01v8rm	138
system_rank_relationship	royalty	/royalty/system_rank_relationship	137
noble_title_gender_equivalency	royalty	/royalty/noble_title_gender_equivalency	137
candy_bar	food	/food/candy_bar	137
sports_official_tenure	sports	/sports/sports_official_tenure	136
competitor_country_relationship	sports	/sports/competitor_country_relationship	136
review	book	/book/review	135
drug_dosage_form	medicine	/medicine/drug_dosage_form	134
learned_society	entity	/m/01_td3	134
us_indian_reservation	location	/location/us_indian_reservation	134
chemical_element	chemistry	/chemistry/chemical_element	134
sports_equipment	sports	/sports/sports_equipment	133
vein	medicine	/medicine/vein	133
cricket_coach	cricket	/cricket/cricket_coach	132
ship_designer	boats	/boats/ship_designer	132
theater_director	theater	/theater/theater_director	131
drug_mechanism_of_action	medicine	/medicine/drug_mechanism_of_action	130
football_referee	soccer	/soccer/football_referee	129
correspondent	entity	/m/02k13d	129
culinary_tool	food	/food/culinary_tool	129
textile	fashion	/fashion/textile	129
user_reversion_operation	dataworld	/dataworld/user_reversion_operation	129
visual_art_genre	visual_art	/visual_art/visual_art_genre	128
tournament_event	sports	/sports/tournament_event	127
os_compatibility	computer	/computer/os_compatibility	127
oil_field	business	/business/oil_field	127
concert	music	/music/concert	126
bicycle_model	bicycles	/bicycles/bicycle_model	126
music_video_performer	music	/music/music_video_performer	123
software_license	computer	/computer/software_license	123
preschool	entity	/m/027wyv	122
computer_game_rating	cvg	/cvg/computer_game_rating	122
sexual_orientation_phase	celebrities	/celebrities/sexual_orientation_phase	122
speech_topic	event	/event/speech_topic	121
it_comune	location	/location/it_comune	120
cn_autonomous_county	location	/location/cn_autonomous_county	119
product_endorsement	business	/business/product_endorsement	119
grade_level	education	/education/grade_level	118
olympic_sport	olympics	/olympics/olympic_sport	117
cricket_administrative_body	cricket	/cricket/cricket_administrative_body	117
survival_rate	medicine	/medicine/survival_rate	116
comic_book_penciler	comic_books	/comic_books/comic_book_penciler	116
historical_society	entity	/m/04ljgrd	115
wine_style	food	/food/wine_style	115
film_festival_sponsorship	film	/film/film_festival_sponsorship	115
further_education	entity	/m/01j1j2	114
belief	religion	/religion/belief	113
quotation_addressee	media_common	/media_common/quotation_addressee	113
film_festival_sponsor	film	/film/film_festival_sponsor	113
fictional_organization_type	fictional_universe	/fictional_universe/fictional_organization_type	113
comic_book_inker	comic_books	/comic_books/comic_book_inker	113
medical_specialty	medicine	/medicine/medical_specialty	112
unfinished_work	media_common	/media_common/unfinished_work	112
pilot_error	entity	/m/0742yy	112
nonprofit_organization	entity	/m/0259tnd	111
de_urban_district	location	/location/de_urban_district	111
software_ticket	freebase	/freebase/software_ticket	111
vendor_template	freebase	/freebase/vendor_template	110
news_presenter	entity	/m/025m070	109
it_province	location	/location/it_province	109
organization_partnership	organization	/organization/organization_partnership	108
crater_lake	entity	/m/02519_	108
it_frazione	location	/location/it_frazione	108
rocket	spaceflight	/spaceflight/rocket	107
airliner	entity	/m/0dhz0	107
secondary_education	entity	/m/079h0	107
airport_runway	aviation	/aviation/airport_runway	107
nebula	astronomy	/astronomy/nebula	107
professional_field	people	/people/professional_field	105
pathogenic_bacteria	entity	/m/03qch2w	105
bascule_bridge	entity	/m/03g9hm	105
game_genre	games	/games/game_genre	105
fictional_organization_founder	fictional_universe	/fictional_universe/fictional_organization_founder	105
girder_bridge	entity	/m/0d0h0h	104
theater_designer_gig	theater	/theater/theater_designer_gig	103
university-preparatory_school	entity	/m/01rs62	103
fictional_language	fictional_universe	/fictional_universe/fictional_language	103
aircraft	aviation	/aviation/aircraft	103
telescope	astronomy	/astronomy/telescope	103
radio_program_episode	radio	/radio/radio_program_episode	102
beer_country_region	food	/food/beer_country_region	102
founding_figure	religion	/religion/founding_figure	101
fr_department	location	/location/fr_department	101
star_system	astronomy	/astronomy/star_system	101
lost_work	media_common	/media_common/lost_work	100
controlled_flight_into_terrain	entity	/m/02gt2p	100
software_tool	dataworld	/dataworld/software_tool	100
conference_subject	conferences	/conferences/conference_subject	100
opera_production	opera	/opera/opera_production	99
geological_formation	geology	/geology/geological_formation	99
type_of_fictional_setting	fictional_universe	/fictional_universe/type_of_fictional_setting	99
engineering_firm	architecture	/architecture/engineering_firm	99
land-grant_university	entity	/m/01_9fk	98
collection	interests	/interests/collection	98
place_of_worship_historical_use	religion	/religion/place_of_worship_historical_use	96
beverage	food	/food/beverage	96
award_judging_term	award	/award/award_judging_term	96
school_magazine	education	/education/school_magazine	95
drug_brand	medicine	/medicine/drug_brand	94
legal_case_party_relationship	law	/law/legal_case_party_relationship	94
help_topic_relationship	freebase	/freebase/help_topic_relationship	94
customer	business	/business/customer	94
award_judge	award	/award/award_judge	94
australian_organization	organization	/organization/australian_organization	93
honorary_degree	education	/education/honorary_degree	92
accommodation_feature	travel	/travel/accommodation_feature	91
noble_rank	royalty	/royalty/noble_rank	91
beverage_can	entity	/m/021v_4	91
roller_coaster	entity	/m/010l12	91
id_city	location	/location/id_city	91
litigant	law	/law/litigant	91
advertising_slogan	business	/business/advertising_slogan	91
charter_schools_in_the_united_states	entity	/m/01w_bb	90
computer_manufacturer_brand	computer	/computer/computer_manufacturer_brand	90
football_award	soccer	/soccer/football_award	89
chivalric_title	royalty	/royalty/chivalric_title	89
breed_origin	biology	/biology/breed_origin	89
celestial_object_category	astronomy	/astronomy/celestial_object_category	89
music_video_character	music	/music/music_video_character	88
hobbyist	interests	/interests/hobbyist	88
product_endorser	business	/business/product_endorser	88
constellation	astronomy	/astronomy/constellation	88
swing_bridge	entity	/m/02gr4y	87
reviewed_work	book	/book/reviewed_work	87
feed	atom	/atom/feed	87
political_ideology	government	/government/political_ideology	86
electron_affinity	chemistry	/chemistry/electron_affinity	86
fight_song	sports	/sports/fight_song	85
honor_society	entity	/m/058g3j	85
chess_move	chess	/chess/chess_move	85
sport_country	sports	/sports/sport_country	84
tea	food	/food/tea	84
tv_segment_performance	tv	/tv/tv_segment_performance	83
cranial_nerve	medicine	/medicine/cranial_nerve	83
for-profit_education	entity	/m/08yh93	83
engine_type	automotive	/automotive/engine_type	83
type_of_museum	architecture	/architecture/type_of_museum	83
mass_data_load	dataworld	/dataworld/mass_data_load	82
magazine_genre	book	/book/magazine_genre	82
platform	automotive	/automotive/platform	82
steam_locomotive_wheel_configuration	rail	/rail/steam_locomotive_wheel_configuration	81
concert_performance	music	/music/concert_performance	81
form_of_government	government	/government/form_of_government	81
comic_strip_syndicate_duration	comic_strips	/comic_strips/comic_strip_syndicate_duration	81
theater_designer	theater	/theater/theater_designer	80
virus	entity	/m/0g9pc	80
redirect	freebase	/freebase/redirect	80
computer_peripheral	computer	/computer/computer_peripheral	80
calendar	time	/time/calendar	79
poetic_verse_form	book	/book/poetic_verse_form	79
fifa	soccer	/soccer/fifa	78
pr_municipality	location	/location/pr_municipality	78
designer_label_association	fashion	/fashion/designer_label_association	78
comic_book_publisher	comic_books	/comic_books/comic_book_publisher	78
rocket_launch_site	spaceflight	/spaceflight/rocket_launch_site	77
puppeteer	entity	/m/014kbl	77
information_source	dataworld	/dataworld/information_source	77
occupancy	architecture	/architecture/occupancy	77
ride_type	amusement_parks	/amusement_parks/ride_type	77
religious_leadership_role	religion	/religion/religious_leadership_role	76
community_association	entity	/m/0ghdg4	76
privately_held_company	entity	/m/0565rv	76
drug_administration_route	medicine	/medicine/drug_administration_route	75
hotel	entity	/m/03pty	75
kp_city	location	/location/kp_city	75
radio_affiliation_duration	broadcast	/broadcast/radio_affiliation_duration	75
comic_book_writer	comic_books	/comic_books/comic_book_writer	74
meteor_shower	astronomy	/astronomy/meteor_shower	74
bridge_type	transportation	/transportation/bridge_type	73
railway_operator_relationship	rail	/rail/railway_operator_relationship	73
drug_physiologic_effect	medicine	/medicine/drug_physiologic_effect	73
business_school	entity	/m/0bwd5	73
seminary	entity	/m/01yzk8	73
music_school	entity	/m/01y64	73
distributor	broadcast	/broadcast/distributor	73
rolling_stock_tenure	rail	/rail/rolling_stock_tenure	72
deanery	entity	/m/0c3gwp	72
api	internet	/internet/api	72
closed_bug_feature_request	freebase	/freebase/closed_bug_feature_request	72
airport_operator	aviation	/aviation/airport_operator	72
make	automotive	/automotive/make	72
opera_director	opera	/opera/opera_director	71
infused_spirit	distilled_spirits	/distilled_spirits/infused_spirit	71
radio_format	broadcast	/broadcast/radio_format	71
building_occupant	architecture	/architecture/building_occupant	71
performance_venue	music	/music/performance_venue	70
rapid_transit	entity	/m/0195fx	70
distillery	distilled_spirits	/distilled_spirits/distillery	70
cricket_stadium	cricket	/cricket/cricket_stadium	70
supernova	astronomy	/astronomy/supernova	70
caldera	entity	/m/024cl	69
operating_system_developer	computer	/computer/operating_system_developer	69
covered_bridge	entity	/m/0llrp	68
international_school	entity	/m/072tfh	68
salt_lake	entity	/m/03hvmn	68
es_comarca	location	/location/es_comarca	68
bicycle_manufacturer	bicycles	/bicycles/bicycle_manufacturer	68
vertical-lift_bridge	entity	/m/04j90w	67
society_of_jesus	entity	/m/04399	67
torpedo_bomber	entity	/m/012twx	67
endorsed_product	business	/business/endorsed_product	67
domesticated_animal	biology	/biology/domesticated_animal	67
manufacturing_plant	automotive	/automotive/manufacturing_plant	67
chivalric_rank_precedence	royalty	/royalty/chivalric_rank_precedence	66
diesel_locomotive_class	rail	/rail/diesel_locomotive_class	66
bomber	entity	/m/015_d	66
technical_report	book	/book/technical_report	66
newspaper_circulation	book	/book/newspaper_circulation	66
government_office_category	government	/government/government_office_category	65
metaweb_api_service_argument	freebase	/freebase/metaweb_api_service_argument	65
theater_genre	theater	/theater/theater_genre	64
opera_genre	opera	/opera/opera_genre	64
cancer_center	medicine	/medicine/cancer_center	64
property_hints	freebase	/freebase/property_hints	64
cited_work	book	/book/cited_work	64
ride_designer	amusement_parks	/amusement_parks/ride_designer	64
hormone	medicine	/medicine/hormone	63
legal_subject	law	/law/legal_subject	63
metaweb_api_argument	freebase	/freebase/metaweb_api_argument	63
football_position	american_football	/american_football/football_position	63
olympic_games	olympics	/olympics/olympic_games	62
conlang	language	/language/conlang	62
legal_entanglement	celebrities	/celebrities/legal_entanglement	62
dark_ride	entity	/m/017rph	61
news_article	freebase	/freebase/news_article	61
fictional_substance	fictional_universe	/fictional_universe/fictional_substance	61
basketball_team_stats	basketball	/basketball/basketball_team_stats	61
designer	automotive	/automotive/designer	61
automotive_class	automotive	/automotive/automotive_class	61
ride_manufacturer	amusement_parks	/amusement_parks/ride_manufacturer	61
liberal_arts_college	entity	/m/04qbv	60
parochial_school	entity	/m/02gq9y	60
uk_unitary_authority	location	/location/uk_unitary_authority	60
web_browser	computer	/computer/web_browser	60
comic_book_colorist	comic_books	/comic_books/comic_book_colorist	60
substance_abuse_problem	celebrities	/celebrities/substance_abuse_problem	60
tv_location	tv	/tv/tv_location	59
file_format_genre	computer	/computer/file_format_genre	59
wine_sub_region	wine	/wine/wine_sub_region	58
hotel_operator	travel	/travel/hotel_operator	58
club_interest	organization	/organization/club_interest	58
battery_cell_type	engineering	/engineering/battery_cell_type	58
ranked_list_compiler	award	/award/ranked_list_compiler	58
armorial_grant	symbols	/symbols/armorial_grant	57
sixth_form_college	entity	/m/03wsym	57
subsidiary	entity	/m/02qw3t	57
vn_province	location	/location/vn_province	57
details2	topics	/freebase/apps/hosts/com/appspot/acre/topics/details2	57
type_of_dish	food	/food/type_of_dish	57
bone	medicine	/medicine/bone	56
disaster_affected_structure	event	/event/disaster_affected_structure	56
student_teacher_ratio	education	/education/student_teacher_ratio	56
railway_operator	rail	/rail/railway_operator	55
musical_chord	music	/music/musical_chord	55
ligament	medicine	/medicine/ligament	55
lattice_truss_bridge	entity	/m/05f_34	55
complex_volcano	entity	/m/025tmgw	55
cat	entity	/m/01yrx	55
distilled_spirit	distilled_spirits	/distilled_spirits/distilled_spirit	55
brand_slogan	business	/business/brand_slogan	55
theater_producer	theater	/theater/theater_producer	54
ski_run	skiing	/skiing/ski_run	54
site_listing_category	protected_sites	/protected_sites/site_listing_category	54
music_video_director	music	/music/music_video_director	54
condition_prevention_factors	medicine	/medicine/condition_prevention_factors	54
professional_association	entity	/m/0216nq	54
in_division	location	/location/in_division	54
film_format	film	/film/film_format	54
programming_language_paradigm	computer	/computer/programming_language_paradigm	54
element_discoverer	chemistry	/chemistry/element_discoverer	54
feed_person	atom	/atom/feed_person	54
inline-four_engine	entity	/m/01chrk	53
mountain_type	geography	/geography/mountain_type	53
disaster_type	event	/event/disaster_type	53
university_system	education	/education/university_system	53
property_value_assignment	dataworld	/dataworld/property_value_assignment	53
computer_game_content_descriptor	cvg	/cvg/computer_game_content_descriptor	53
meteorite	astronomy	/astronomy/meteorite	53
architecture_firm_partners	architecture	/architecture/architecture_firm_partners	53
ski_lift	skiing	/skiing/ski_lift	52
club	organization	/organization/club	52
military_unit_place_of_origin	military	/military/military_unit_place_of_origin	52
metamorphic_rock	entity	/m/0c3c0	52
sedimentary_rock	entity	/m/0c37g	52
elephantidae	entity	/m/07kbbhf	52
type_of_exhibition	exhibitions	/exhibitions/type_of_exhibition	52
newspaper_issue	book	/book/newspaper_issue	52
appointer	people	/people/appointer	51
opera_role	opera	/opera/opera_role	51
computer_peripheral_class	computer	/computer/computer_peripheral_class	51
plant_disease_triangle	biology	/biology/plant_disease_triangle	51
drug_dosage_flavor	medicine	/medicine/drug_dosage_flavor	50
tenor	entity	/m/0j862	50
deleted_scene	entity	/m/09_gdc	50
us_state	location	/location/us_state	50
es_province	location	/location/es_province	50
judicial_title	law	/law/judicial_title	50
lava_dome	entity	/m/044bs7	49
freebase_query	freebase	/freebase/freebase_query	49
content_rating_system	film	/film/content_rating_system	49
engine_category	engineering	/engineering/engine_category	49
computer_game_compilation	cvg	/cvg/computer_game_compilation	49
conference_sponsor	conferences	/conferences/conference_sponsor	49
processor_manufacturer	computer	/computer/processor_manufacturer	49
shopping_center_owner	business	/business/shopping_center_owner	49
interviewer	book	/book/interviewer	49
fossil_specimen	biology	/biology/fossil_specimen	49
cloud	meteorology	/meteorology/cloud	48
intelligence_agency	entity	/m/0ky5x	48
brand_colors	business	/business/brand_colors	48
report_issuing_institution	book	/book/report_issuing_institution	48
jp_prefecture	location	/location/jp_prefecture	47
us_vice_president	government	/government/us_vice_president	47
companies	topics	/freebase/apps/hosts/com/appspot/acre/topics/companies	47
product_endorsee	business	/business/product_endorsee	47
comic_book_letterer	comic_books	/comic_books/comic_book_letterer	46
super_bowl	american_football	/american_football/super_bowl	46
chinese_ethnic_group	people	/people/chinese_ethnic_group	45
dessert_wine	entity	/m/0fqm_	45
through_arch_bridge	entity	/m/054v8c	45
military_academy	entity	/m/0534g	45
medical_school	entity	/m/02ctrh	45
boeing_737	entity	/m/0137k8	45
offical_symbol_variety	location	/location/offical_symbol_variety	45
id_subdistrict	location	/location/id_subdistrict	45
recipe	food	/food/recipe	45
fictional_creature	fictional_universe	/fictional_universe/fictional_creature	45
martial_arts_organization	martial_arts	/martial_arts/martial_arts_organization	44
public_company	entity	/m/01mxzw	44
protocol_provider	computer	/computer/protocol_provider	44
computer_designer	computer	/computer/computer_designer	44
aircraft_engine_type	aviation	/aviation/aircraft_engine_type	44
martial_arts_certification	martial_arts	/martial_arts/martial_arts_certification	43
ship_of_the_line	entity	/m/0n2d2	43
announcer	entity	/m/014ktf	43
in_city	location	/location/in_city	43
us_president	government	/government/us_president	43
comic_strip_genre	comic_strips	/comic_strips/comic_strip_genre	43
organism_classification_rank	biology	/biology/organism_classification_rank	43
basketball_conference	basketball	/basketball/basketball_conference	43
football_league_system	soccer	/soccer/football_league_system	42
musical_scale	music	/music/musical_scale	42
active_pixel_sensor	entity	/m/0d17kj	42
527_organization	entity	/m/02ktjp	42
exhibition_curator	exhibitions	/exhibitions/exhibition_curator	42
prayer	religion	/religion/prayer	41
governing_body_of_protected_sites	protected_sites	/protected_sites/governing_body_of_protected_sites	41
culinary_measure	food	/food/culinary_measure	41
comic_book_editor	comic_books	/comic_books/comic_book_editor	41
book_binding	book	/book/book_binding	41
astronomical_survey_project_organization	astronomy	/astronomy/astronomical_survey_project_organization	41
olympic_host_city	olympics	/olympics/olympic_host_city	40
political_party	entity	/m/05_5d	40
box_girder_bridge	entity	/m/054v6y	40
film_company_role_or_service	film	/film/film_company_role_or_service	40
landscape_project	architecture	/architecture/landscape_project	40
ski_area_ownership	skiing	/skiing/ski_area_ownership	39
arrangement	music	/music/arrangement	39
medical_trial	medicine	/medicine/medical_trial	39
month	time	/time/month	38
tropical_cyclone_category	meteorology	/meteorology/tropical_cyclone_category	38
fda_otc_monograph_part	medicine	/medicine/fda_otc_monograph_part	38
tarn_(lake)	entity	/m/02ntq6	38
featured_application	freebase	/freebase/featured_application	38
signal_modulation_mode	engineering	/engineering/signal_modulation_mode	38
computer_game_evaluation	cvg	/cvg/computer_game_evaluation	38
programming_language_developer	computer	/computer/programming_language_developer	38
reason_for_arrest	celebrities	/celebrities/reason_for_arrest	38
type_of_place_of_worship	religion	/religion/type_of_place_of_worship	37
musician	entity	/m/09jwl	37
attack_aircraft	entity	/m/018rc1	37
uk_metropolitan_borough	location	/location/uk_metropolitan_borough	37
help_topic	apps	/freebase/apps/help_topic	37
product_theme	business	/business/product_theme	37
radio_network	broadcast	/broadcast/radio_network	37
chivalric_order_position_tenure	royalty	/royalty/chivalric_order_position_tenure	36
boeing_727	entity	/m/0mlk2	36
voluntary_controlled_school	entity	/m/0dlsl1	36
channel_access_method	engineering	/engineering/channel_access_method	36
computer_game_engine_developer	cvg	/cvg/computer_game_engine_developer	36
comic_book_story_arc	comic_books	/comic_books/comic_book_story_arc	36
transmission	automotive	/automotive/transmission	36
amusement_park_area	amusement_parks	/amusement_parks/amusement_park_area	36
theater_production_staff_gig	theater	/theater/theater_production_staff_gig	35
space_program	spaceflight	/spaceflight/space_program	35
chivalric_order_officer	royalty	/royalty/chivalric_order_officer	35
light_bomber	entity	/m/02hvrvj	35
uk_non_metropolitan_county	location	/location/uk_non_metropolitan_county	35
piston_configuration	engineering	/engineering/piston_configuration	35
particle	physics	/physics/particle	34
boeing_707	entity	/m/0hqnc	34
tied-arch_bridge	entity	/m/0c8jzx	34
submarine	entity	/m/074d1	34
guest_host	entity	/m/026h21_	34
graduate_school	entity	/m/01yslh	34
uk_district	location	/location/uk_district	34
chemical_series	chemistry	/chemistry/chemical_series	34
product_ingredient	business	/business/product_ingredient	34
highway_system	transportation	/transportation/highway_system	33
theater_production_staff	theater	/theater/theater_production_staff	33
rocket_manufacturer	spaceflight	/spaceflight/rocket_manufacturer	33
chivalric_rank	royalty	/royalty/chivalric_rank	33
chivalric_order_founder	royalty	/royalty/chivalric_order_founder	33
drug_legal_status	medicine	/medicine/drug_legal_status	33
fortified_wine	entity	/m/02z2t	33
volcanic_cone	entity	/m/01n3_j	33
id_province	location	/location/id_province	33
digital_camera_manufacturer	digicams	/digicams/digital_camera_manufacturer	33
interview	book	/book/interview	33
satellite_manufacturer	spaceflight	/spaceflight/satellite_manufacturer	32
precedence	royalty	/royalty/precedence	32
biofluid	medicine	/medicine/biofluid	32
aircraft_hijacking	entity	/m/0wj1	32
v6_engine	entity	/m/080cr	32
uk_london_borough	location	/location/uk_london_borough	32
uk_council_area	location	/location/uk_council_area	32
data_mob_project	freebase	/freebase/data_mob_project	32
abused_substance	celebrities	/celebrities/abused_substance	32
editor_title	book	/book/editor_title	32
icao_airline_designator	aviation	/aviation/icao_airline_designator	32
asteroid_family	astronomy	/astronomy/asteroid_family	32
lighthouse_construction_material	architecture	/architecture/lighthouse_construction_material	32
guidebook	travel	/travel/guidebook	31
natural_or_cultural_site_designation	protected_sites	/protected_sites/natural_or_cultural_site_designation	31
non_profit_registration	organization	/organization/non_profit_registration	31
non_profit_designation	organization	/organization/non_profit_designation	31
olympic_city_bid	olympics	/olympics/olympic_city_bid	31
completion_of_unfinished_work	media_common	/media_common/completion_of_unfinished_work	31
completer_of_unfinished_work	media_common	/media_common/completer_of_unfinished_work	31
parasitism	entity	/m/0b_l7	31
plate_girder_bridge	entity	/m/054v5w	31
gentlemen's_club	entity	/m/02p3txp	31
boeing_747	entity	/m/01gt7	31
mx_state	location	/location/mx_state	31
comic_book_genre	comic_books	/comic_books/comic_book_genre	31
comic_book_fictional_universe	comic_books	/comic_books/comic_book_fictional_universe	31
iata_airline_designator	aviation	/aviation/iata_airline_designator	31
aircraft	entity	/m/0k5j	30
resort	entity	/m/02dkrm	30
grandes_coles	entity	/m/01vcqk	30
de_regierungsbezirk	location	/location/de_regierungsbezirk	30
cn_autonomous_prefecture	location	/location/cn_autonomous_prefecture	30
constitutional_amendment	law	/law/constitutional_amendment	30
collection_activity	interests	/interests/collection_activity	30
distilled_spirit_type	distilled_spirits	/distilled_spirits/distilled_spirit_type	30
camera_iso	digicams	/digicams/camera_iso	30
data_task	dataworld	/dataworld/data_task	30
chess_game_participation	chess	/chess/chess_game_participation	30
series_editor	book	/book/series_editor	30
plant_disease	biology	/biology/plant_disease	30
visual_art_form	visual_art	/visual_art/visual_art_form	29
martial_arts_qualification	martial_arts	/martial_arts/martial_arts_qualification	29
meromictic_lake	entity	/m/03ynl0	29
engineering	entity	/m/02ky346	29
us_metropolitan_division	location	/location/us_metropolitan_division	29
patent_office	law	/law/patent_office	29
type_hints	freebase	/freebase/type_hints	29
fiber	fashion	/fashion/fiber	29
rivalry	celebrities	/celebrities/rivalry	29
scholarly_financial_support	book	/book/scholarly_financial_support	29
financial_support_provider	book	/book/financial_support_provider	29
accommodation_type	travel	/travel/accommodation_type	28
holiday_category	time	/time/holiday_category	28
football_world_cup	soccer	/soccer/football_world_cup	28
boutique_hotel	entity	/m/05j0rg	28
in_state	location	/location/in_state	28
help_center	freebase	/freebase/help_center	28
candy_bar_manufacturer	food	/food/candy_bar_manufacturer	28
beer_style_category	food	/food/beer_style_category	28
film_theorist	film	/film/film_theorist	28
honorary_degree_recipient	education	/education/honorary_degree_recipient	28
type_of_planetographic_feature	astronomy	/astronomy/type_of_planetographic_feature	28
accident	amusement_parks	/amusement_parks/accident	28
tour_operator	travel	/travel/tour_operator	27
hotel_guest_visit	travel	/travel/hotel_guest_visit	27
theater_designer_role	theater	/theater/theater_designer_role	27
meteorological_service	meteorology	/meteorology/meteorological_service	27
passenger_rail_terminology	entity	/m/0qjmq	27
destroyer	entity	/m/02fj9	27
dive_bomber	entity	/m/018jlw	27
tw_district	location	/location/tw_district	27
fr_region	location	/location/fr_region	27
market_index	finance	/finance/market_index	27
content_license	computer	/computer/content_license	27
comic_strip_syndicate	comic_strips	/comic_strips/comic_strip_syndicate	27
heraldic_charge	symbols	/symbols/heraldic_charge	26
football_pitch	soccer	/soccer/football_pitch	26
chivalric_office	royalty	/royalty/chivalric_office	26
olympic_bidding_city	olympics	/olympics/olympic_bidding_city	26
volcanic_field	entity	/m/03t7cx	26
giant_panda	entity	/m/03bj1	26
vocational_school	entity	/m/030x63	26
strategic_bomber	entity	/m/02hvs8r	26
alternative_school	entity	/m/02687q	26
montessori_education	entity	/m/01th8n	26
bar	entity	/m/01nz0z	26
kindergarten	entity	/m/01ft5b	26
ca_indian_reserve	location	/location/ca_indian_reserve	26
br_state	location	/location/br_state	26
court_jurisdiction_area	law	/law/court_jurisdiction_area	26
spirit_bottler	distilled_spirits	/distilled_spirits/spirit_bottler	26
attribution_namespace	dataworld	/dataworld/attribution_namespace	26
computer_game_rating_system	cvg	/cvg/computer_game_rating_system	26
cricket_delivery_type	cricket	/cricket/cricket_delivery_type	26
newspaper_price	book	/book/newspaper_price	26
accident_type	aviation	/aviation/accident_type	26
spectral_type	astronomy	/astronomy/spectral_type	26
rocket_fuel	spaceflight	/spaceflight/rocket_fuel	25
adherents	religion	/religion/adherents	25
steam_locomotive_class	rail	/rail/steam_locomotive_class	25
music_video_subject	music	/music/music_video_subject	25
christian_school	entity	/m/02w8xx	25
medium_bomber	entity	/m/02hvs2t	25
green_tea	entity	/m/01mzvs	25
language_creator	language	/language/language_creator	25
computer_game_mod	cvg	/cvg/computer_game_mod	25
particle_spin	chemistry	/chemistry/particle_spin	25
chromosome	biology	/biology/chromosome	25
basketball_player_career_stats	basketball	/basketball/basketball_player_career_stats	25
hall_of_fame_induction_category	award	/award/hall_of_fame_induction_category	25
asteroid_group	astronomy	/astronomy/asteroid_group	25
theater_choreographer	theater	/theater/theater_choreographer	24
religious_leadership_jurisdiction_appointment	religion	/religion/religious_leadership_jurisdiction_appointment	24
pub	entity	/m/064f7	24
bayer_filter	entity	/m/02r8js	24
bar_association	entity	/m/01g2nx	24
ua_oblast	location	/location/ua_oblast	24
weave	fashion	/fashion/weave	24
type_of_public_presentation	event	/event/type_of_public_presentation	24
blended_spirit	distilled_spirits	/distilled_spirits/blended_spirit	24
attribution_template	dataworld	/dataworld/attribution_template	24
company_type	business	/business/company_type	24
tv_terrestrial_broadcast_facility	broadcast	/broadcast/tv_terrestrial_broadcast_facility	24
serial_installment	book	/book/serial_installment	24
plant_disease_cause	biology	/biology/plant_disease_cause	24
meteoric_composition	astronomy	/astronomy/meteoric_composition	24
ski_area_owner	skiing	/skiing/ski_area_owner	23
tuya	entity	/m/0d9919	23
train	entity	/m/07jdr	23
production_company	entity	/m/062kmd	23
volcanic_plug	entity	/m/05cdkt	23
jp_special_ward	location	/location/jp_special_ward	23
cn_province	location	/location/cn_province	23
ar_province	location	/location/ar_province	23
mountain_listing	geography	/geography/mountain_listing	23
metaweb_api_service	freebase	/freebase/metaweb_api_service	23
help_topic_tag	apps	/freebase/apps/help_topic_tag	23
non_character_role	tv	/tv/non_character_role	22
transportation_mode	travel	/travel/transportation_mode	22
heraldic_tincture	symbols	/symbols/heraldic_tincture	22
lift_tenure	skiing	/skiing/lift_tenure	22
park_system	protected_sites	/protected_sites/park_system	22
organization_committee_title	organization	/organization/organization_committee_title	22
military_unit_size	military	/military/military_unit_size	22
transit_service_type	metropolitan_transit	/metropolitan_transit/transit_service_type	22
medical_trial_sponsor	medicine	/medicine/medical_trial_sponsor	22
playback_singer	entity	/m/02t8yb	22
gymnasium_(school)	entity	/m/01fs_k	22
transporter_bridge	entity	/m/01cxh7	22
fresh_water	entity	/m/01b8ll	22
douglas_dc-8	entity	/m/019fwx	22
uk_principal_area	location	/location/uk_principal_area	22
lake_type	geography	/geography/lake_type	22
film_festival_focus	film	/film/film_festival_focus	22
computer_game_distribution_system	cvg	/cvg/computer_game_distribution_system	22
rehab	celebrities	/celebrities/rehab	22
plant_disease_host	biology	/biology/plant_disease_host	22
amino_acid	biology	/biology/amino_acid	22
privately_owned_vehicle	automotive	/automotive/privately_owned_vehicle	22
tv_soundtrack	tv	/tv/tv_soundtrack	21
hotel_grade	travel	/travel/hotel_grade	21
system_order_relationship	royalty	/royalty/system_order_relationship	21
subatomic_particle_composition	physics	/physics/subatomic_particle_composition	21
particle_antiparticle	physics	/physics/particle_antiparticle	21
media_format	music	/music/media_format	21
light_rail	entity	/m/0dft2	21
igneous_rock	entity	/m/03_2f	21
women's_college	entity	/m/03206p	21
heavy_bomber	entity	/m/02hvsc3	21
reusable_launch_system	entity	/m/01xhvp	21
vn_provincial_city	location	/location/vn_provincial_city	21
fictional_object_destroyer	fictional_universe	/fictional_universe/fictional_object_destroyer	21
industry	business_operation	/business/business_operation/industry	21
noble_rank_gender_equivalence	royalty	/royalty/noble_rank_gender_equivalence	20
voice	music	/music/voice	20
judge	entity	/m/0c5lg	20
unpowered_aircraft	entity	/m/09pkw	20
television_network	entity	/m/096wp	20
institute_of_technology	entity	/m/047vtw	20
interceptor_aircraft	entity	/m/02hvsk8	20
pontoon_bridge	entity	/m/021gxj	20
city	entity	/m/01n32	20
it_region	location	/location/it_region	20
top_level_domain_status	internet	/internet/top_level_domain_status	20
property_path	freebase	/freebase/property_path	20
bottled_water	food	/food/bottled_water	20
fictional_object_destruction_method	fictional_universe	/fictional_universe/fictional_object_destruction_method	20
camera_storage_type	digicams	/digicams/camera_storage_type	20
computer_game_region	cvg	/cvg/computer_game_region	20
cricket_tournament_event	cricket	/cricket/cricket_tournament_event	20
light_characteristic	architecture	/architecture/light_characteristic	20
